{"cameraMode":{"drawMode":0,"name":"Shaded","section":"Shading Mode"},"sceneLighting":true,"audioPlay":false,"sceneViewState":{"showFog":true,"showMaterialUpdate":false,"showSkybox":true,"showFlares":true,"showImageEffects":true,"showParticleSystems":true},"in2DMode":false,"pivot":{"x":14.79888916015625,"y":5.255804061889648,"z":18.99003791809082},"rotation":{"x":-0.04465934634208679,"y":0.4717826247215271,"z":0.023935291916131974,"w":0.8802667856216431},"size":15.928933143615723,"orthographic":false}