{"cameraMode":{"drawMode":0,"name":"Shaded","section":"Shading Mode"},"sceneLighting":true,"audioPlay":false,"sceneViewState":{"showFog":true,"showMaterialUpdate":false,"showSkybox":true,"showFlares":true,"showImageEffects":true,"showParticleSystems":true},"in2DMode":false,"pivot":{"x":10.730170249938965,"y":-2.4725983142852785,"z":-2.581568717956543},"rotation":{"x":-0.16627126932144166,"y":0.8337298631668091,"z":-0.3726310133934021,"w":-0.37202057242393496},"size":15.064313888549805,"orthographic":false}