{"cameraMode":{"drawMode":0,"name":"Shaded","section":"Shading Mode"},"sceneLighting":true,"audioPlay":false,"sceneViewState":{"showFog":true,"showMaterialUpdate":false,"showSkybox":true,"showFlares":true,"showImageEffects":true,"showParticleSystems":true},"in2DMode":false,"pivot":{"x":-74.55337524414063,"y":8.701861381530762,"z":76.96489715576172},"rotation":{"x":-0.07681725174188614,"y":-0.8298105001449585,"z":0.118046835064888,"w":-0.5399879813194275},"size":1.2652721405029297,"orthographic":false}